metric,n,mean_pre,mean_post,mean_delta,median_delta,sd_delta,cohen_dz,paired_t,paired_t_p,wilcoxon_stat,wilcoxon_p,signflip_perm_p,bootstrap_CI_low,bootstrap_CI_high,n_positive_delta,n_negative_delta,n_zero_delta
global_redundancy_transfer_rtr,13,0.015308671585294956,0.016522617388169028,0.001213945802874077,2.24122820185e-05,0.0034000612603132525,0.3570364502086161,1.2873132284368107,0.22226049680482818,33.0,0.414306640625,0.22948770512294878,-0.0004955358623040338,0.0030174483331499107,7,6,0
global_synergy_transfer_str,13,0.5342435368333639,0.5751841342178566,0.04094059738449274,0.039045936652553515,0.04540076857084268,0.9017600070053802,3.2513419434206643,0.0069391419162089735,6.0,0.00341796875,0.0041599584004159956,0.01801756098952534,0.06583595399139827,12,1,0
global_synergy_minus_redundancy,13,0.5189348652480689,0.5586615168296876,0.03972665158161867,0.039023524370535134,0.045159579228381874,0.8796949010687699,3.1717850725676713,0.008042923729657016,6.0,0.00341796875,0.005449945500544995,0.016725467377144074,0.06430808944289565,12,1,0
