metric,n,mean_pre,mean_post,mean_delta,median_delta,sd_delta,paired_t,paired_t_p,wilcoxon_stat,wilcoxon_p
global_redundancy_transfer_rtr,13,0.015308671585295005,0.016522617388169077,0.0012139458028740684,2.2412282018572857e-05,0.0034000612603132577,1.2873132284367996,0.22226049680483181,33.0,0.414306640625
global_synergy_transfer_str,13,0.5342435368333639,0.5751841342178566,0.040940597384492725,0.039045936652553515,0.04540076857084265,3.2513419434206656,0.006939141916208954,6.0,0.00341796875
global_synergy_minus_redundancy_str_minus_rtr,13,0.5189348652480689,0.5586615168296876,0.03972665158161867,0.039023524370535134,0.04515957922838187,3.171785072567672,0.008042923729656998,6.0,0.00341796875
