metric,n,mean_pre,mean_post,mean_delta,median_delta,sd_delta,cohen_dz,paired_t,paired_t_p,wilcoxon_stat,wilcoxon_p,signflip_perm_p,bootstrap_CI_low,bootstrap_CI_high,n_positive_delta,n_negative_delta,n_zero_delta
N12_exclude_Sub04_global_redundancy_transfer_rtr,12,0.0150637256509347,0.0161626347178653,0.00109890906693061,-6.50376147443106e-05,0.00352472539988343,0.311771540264371,1.08000829618379,0.303249447136668,46,0.6220703125,0.31449685503145,-0.000721304078006206,0.00308778751942356,6,6,0
N12_exclude_Sub04_global_synergy_transfer_str,12,0.537333679355366,0.574190341807055,0.0368566624516896,0.029403939189985,0.0448562427137678,0.821661829477687,2.8463200705907,0.0159010672311329,72,0.0068359375,0.00870991290087099,0.0141570416531405,0.0631112659710125,11,1,0
N12_exclude_Sub04_global_synergy_minus_redundancy,12,0.522269953704431,0.55802770708919,0.035757753384759,0.0289568341979875,0.0447369232301223,0.799289508597288,2.76882007769453,0.0182654918440182,72,0.0068359375,0.011069889301107,0.01294372497015,0.0618296135548891,11,1,0
